numero_questao,enunciado,alternativas,nu_param_B,gabarito
91,"Um fato corriqueiro ao se cozinhar arroz é o 
derramamento de parte da água de cozimento sobre a 
chama azul do fogo, mudando-a para uma chama amarela. 
Essa mudança de cor pode suscitar interpretações 
diversas, relacionadas às substâncias presentes na água 
de cozimento. Além do sal de cozinha (NaCl), nela se 
encontram carboidratos, proteínas e sais minerais.
Cientificamente, sabe-se que essa mudança de cor da 
chama ocorre pela","A: reação do gás de cozinha com o sal, volatilizando 
gás cloro.; B: emissão de fótons pelo sódio, excitado por causa da 
chama.; C: produção de derivado amarelo, pela reação com o 
carboidrato.; D: reação do gás de cozinha com a água, formando gás 
hidrogênio.; E: excitação das moléculas de proteínas, com formação 
de luz amarela.",1.35265,B
92,"A classificação biológica proposta por Whittaker 
permite distinguir cinco grandes linhas evolutivas 
utilizando, como critérios de classificação, a organização 
celular e o modo de nutrição. Woese e seus colaboradores, 
com base na comparação das sequências que codificam 
o RNA ribossômico dos seres vivos, estabeleceram 
relações de ancestralidade entre os grupos e concluíram 
que os procariontes do reino Monera não eram um grupo 
coeso do ponto de vista evolutivo.
Descrição do quadro:
No quadro são apresentadas duas colunas. 
•	 A primeira coluna apresenta a Classificação 
de Whittaker, do ano 1969, com cinco reinos: 
Monera, Protista, Fungi, Plantae e Animalia.
•	 A segunda coluna apresenta a Classificação 
de Woese, do ano 1990, com três domínios: 
Archaea, Eubacteria e Eukarya.
O reino Monera corresponde aos domínios Archaea 
e Eubacteria. Os reinos Protista, Fungi, Plantae e 
Animalia correspondem ao domínio Eukarya.
A diferença básica nas classificações citadas é que a 
mais recente se baseia fundamentalmente em",A: tipos de células.; B: aspectos ecológicos.; C: relações filogenéticas.; D: propriedades fisiológicas.; E: características morfológicas.,2.03182,C
93,"Em uma colisão frontal entre dois automóveis, a força 
que o cinto de segurança exerce sobre o tórax e abdômen 
do motorista pode causar lesões graves nos órgãos 
internos. Pensando na segurança do seu produto, um 
fabricante de automóveis realizou testes em cinco modelos 
diferentes de cinto. Os testes simularam uma colisão de  
0,30 segundo de duração, e os bonecos que representavam 
os ocupantes foram equipados com acelerômetros. 
Esse equipamento registra o módulo da desaceleração 
do boneco, que varia de zero a um valor máximo e 
volta para zero, no intervalo de tempo considerado. 
Os parâmetros como massa dos bonecos, dimensões dos 
cintos e velocidade imediatamente antes e após o impacto 
foram os mesmos para todos os testes. O resultado final 
obtido está no gráfico de aceleração por tempo.
Descrição do gráfico:
O eixo horizontal apresenta o tempo, em segundo, de 
0,00 a 0,30 (com intervalo de 0,05 em 0,05). 
O eixo vertical apresenta a aceleração, em metro por 
segundo ao quadrado, de 0 a 200 (com intervalo de 40 
em 40).
•	 Cinto 1: Aceleração máxima de 150 entre o 
intervalo de tempo de 0,00 a 0,15.
•	 Cinto 2: Aceleração máxima de 60 entre o 
intervalo de tempo de 0,04 a 0,27.
•	 Cinto 3: Aceleração máxima de 190 entre o 
intervalo de tempo de 0,12 a 0,20.
•	 Cinto 4: Aceleração máxima de 85 entre o 
intervalo de tempo de 0,05 a 0,30.
•	 Cinto 5: Aceleração máxima de 170 entre o 
intervalo de tempo de 0,20 a 0,30.
Qual modelo de cinto oferece menor risco de lesão interna 
ao motorista?",A: um; B: dois; C: três; D: quatro; E: cinco,0.91191,B
94,"Coagulação acelerada
Pesquisadores criaram um tipo de plaqueta artificial, 
feita com um polímero gelatinoso coberto de anticorpos, 
que promete agilizar o processo de coagulação quando 
injetada no corpo. Se houver sangramento, esses 
anticorpos fazem com que a plaqueta mude sua forma 
e se transforme em uma espécie de rede que gruda nas 
lesões dos vasos sanguíneos e da pele.
Qual a doença cujos pacientes teriam melhora de seu 
estado de saúde com o uso desse material?",A: Filariose.; B: Hemofilia.; C: Aterosclerose.; D: Doença de Chagas.; E: Síndrome da imunodeficiência adquirida.,0.69737,B
95,"A farinha de linhaça dourada é um produto natural que 
oferece grandes benefícios para o nosso organismo. A maior 
parte dos nutrientes da linhaça encontra-se no óleo desta 
semente, rico em substâncias lipossolúveis com massas 
moleculares elevadas. A farinha também apresenta altos 
teores de fibras proteicas insolúveis em água, celulose, 
vitaminas lipossolúveis e sais minerais hidrossolúveis.
Considere o esquema, que resume um processo de 
separação dos componentes principais da farinha de 
linhaça dourada.
Descrição do esquema:
•	 A farinha de linhaça é submetida à adição de éter 
etílico, seguida de agitação e filtração que levam 
à obtenção do resíduo 1 e do extrato etéreo (fase 
orgânica).
•	 O resíduo 1 é submetido à adição de água, 
seguida de agitação e filtração que levam à 
obtenção do resíduo 2 e do extrato aquoso.
•	 O extrato aquoso é submetido à destilação, e 
resulta no destilado 2 e no resíduo 3.
•	 O extrato etéreo (fase orgânica) é submetido à 
destilação, e resulta no destilado 1 e no resíduo 4.
O óleo de linhaça será obtido na fração",A: Destilado um.; B: Destilado dois.; C: Resíduo 2.; D: Resíduo 3.; E: Resíduo 4.,2.60783,E
96,"Automóveis com motores movidos a álcool, quando 
desregulados, podem produzir quantidades excessivas 
de monóxido de carbono, um poluente altamente tóxico, 
na câmara de combustão. Isso ocorre porque o etanol e 
outros combustíveis orgânicos podem reagir de várias 
maneiras com o oxigênio, dependendo das condições 
físico-químicas do sistema. As equações químicas 
exemplificam duas possíveis reações de combustão do 
etanol.
Descrição das equações químicas:
Os reagentes C2H6O + 7 meios de O2 formam os 
produtos 2 CO2 + 3 H2O.
Os reagentes C2H6O + 5 meios de O2 formam os 
produtos 2 CO + 3 H2O.
Essa desregulagem causou, em relação ao 
funcionamento normal do motor, um(a)",A: excesso na admissão de ar.; B: aumento da proporção etanol por oxigênio.; C: desativação do catalisador obrigatório.; D: elevação da pressão na câmara de combustão.; E: diminuição da temperatura na câmara de combustão.,1.67212,B
97,"As centrífugas são equipamentos utilizados em 
laboratórios, clínicas e indústrias. Seu funcionamento faz 
uso da aceleração centrífuga obtida pela rotação de um 
recipiente e que serve para a separação de sólidos em 
suspensão em líquidos ou de líquidos misturados entre si.
Nesse aparelho, a separação das substâncias ocorre 
em função",A: das diferentes densidades.; B: dos diferentes raios de rotação.; C: das diferentes velocidades angulares.; D: das diferentes quantidades de cada substância.; E: da diferente coesão molecular de cada substância.,0.49314,A
98,"Visando explicar uma das propriedades da 
membrana plasmática, fusionou-se uma célula de 
camundongo com uma célula humana, formando uma 
célula híbrida. Em seguida, com o intuito de marcar as 
proteínas de membrana, dois anticorpos foram inseridos 
no experimento, um específico para as proteínas de 
membrana do camundongo e outro para as proteínas de 
membrana humana. Os anticorpos foram visualizados 
ao microscópio por meio de fluorescência de cores 
diferentes, como mostrado no experimento.
Descrição do experimento:
•	 Etapa 1: Seleção de uma célula de camundongo 
e de uma célula humana. A proteína da membrana 
de cada célula é representada por formatos 
diferentes.
•	 Etapa 2: A fusão celular dessas duas células 
resulta em uma célula híbrida que apresenta, 
em seu lado esquerdo, o formato da proteína 
da membrana da célula de camundongo e, do 
lado direito, o formato da proteína da membrana 
da célula humana. Foram inseridos anticorpos 
contra proteínas da membrana de camundongo 
e anticorpos contra proteínas de membrana 
humana. Esses anticorpos foram marcados com 
fluoresceína e rodamina, respectivamente.
•	 Etapa 3: Em tempo zero é possível verificar 
que os anticorpos marcados com fluoresceína 
se acoplaram às proteínas da membrana 
da célula de camundongo, à esquerda, e 
os anticorpos marcados com rodamina se 
acoplaram às proteínas da membrana da 
célula humana, à direita.
•	 Etapa 4: Em tempo igual a 40 minutos, após 
incubação a 37 graus Celsius, é possível verificar 
que os anticorpos acoplados se redistribuíram de 
maneira intercalada.
A mudança observada da etapa 3 para a etapa 4 do 
experimento ocorre porque as proteínas","A: movimentam-se livremente no plano da bicamada 
lipídica.; B: permanecem confinadas em determinadas regiões 
da bicamada.; C: auxiliam o deslocamento dos fosfolipídios da 
membrana plasmática.; D: são mobilizadas em razão da inserção de anticorpos.; E: são bloqueadas pelos anticorpos.",1.92451,A
99,"Pensando no elevado número de acidentes nas 
rodovias à noite, a indústria automobilística investiu 
em um novo sistema de segurança, que consiste num 
dispositivo de visão noturna. O aparelho é capaz de 
detectar pedestres e animais, uma vez que é sensível à 
temperatura dos corpos que estão à sua frente. A partir 
disso, um computador de bordo converte os dados em 
imagens, que são mostradas ao motorista. As cores 
avermelhadas referem-se aos corpos mais próximos ao 
automóvel, enquanto que as cores azuladas, aos corpos 
mais distantes.
O sistema de segurança capta o sinal do espectro 
eletromagnético emitido pelos corpos citados, cuja 
frequência está na faixa de",A: raios X.; B: luz visível.; C: ultravioleta.; D: micro-ondas.; E: infravermelho.,0.68075,E
100,"Fatores ambientais que afetam a  
precipitação úmida
Partículas microscópicas existentes na atmosfera 
funcionam como núcleos de condensação de vapor de 
água que, sob condições adequadas de temperatura 
e pressão, propiciam a formação das nuvens e 
consequentemente das chuvas. No ar atmosférico, tais 
partículas são formadas pela reação de ácidos (HX) 
com a base NH3, de forma natural ou antropogênica, 
dando origem a sais de amônio (NH4X), de acordo com a 
equação química genérica:
Descrição da equação química genérica:
Os reagentes HX (gasoso) + NH3 (gasoso) formam o 
produto NH4X (sólido).
A fixação de moléculas de vapor de água pelos núcleos 
de condensação ocorre por",A: ligações iônicas.; B: interações dipolo-dipolo.; C: interações dipolo-dipolo induzido.; D: interações íon-dipolo.; E: ligações covalentes.,2.23369,D
101,"O  radar é um dispositivo usado pelos agentes de 
trânsito nas cidades ou rodovias, com a intenção de 
limitar a velocidade  e assim reduzir acidentes de trânsito. 
Alguns dispositivos funcionam emitindo ondas sonoras ou 
eletromagnéticas, que incidem no veículo em movimento 
e retornam para o dispositivo. De acordo com a alteração 
da frequência do sinal recebido, pode-se determinar a 
velocidade do veículo.
Qual fenômeno físico está associado ao funcionamento  
desse tipo de radar?",A: Difração.; B: Refração.; C: Ressonância.; D: Efeito Doppler.; E: Efeito fotoelétrico.,1.74661,D
102,"A prova do carbono 14
A técnica do carbono-14 permite a datação de fósseis pela medição dos valores de emissão beta desse isótopo 
presente no fóssil. Para um ser em vida, o máximo são 15 emissões beta por, abre parêntese, minuto multiplicado por 
grama, fecha parêntese. Após a morte, a quantidade de carbono quatorze se reduz pela metade a cada 5 730 anos.
Considere que um fragmento fóssil de massa igual a 30 gramas foi encontrado em um sítio arqueológico, e a medição 
de radiação apresentou 6 750 emissões beta por hora. A idade desse fóssil, em anos, é",A: quatrocentos e cinquenta; B: mil quatrocentos e trinta e três; C: onze mil quatrocentos e sessenta; D: dezessete mil cento e noventa; E: vinte e sete mil,1.8785,C
103,"A figura mostra o funcionamento de uma estação híbrida de geração de eletricidade movida a energia eólica e 
biogás. Essa estação possibilita que a energia gerada no parque eólico seja armazenada na forma de gás hidrogênio, 
usado no fornecimento de energia para a rede elétrica comum e para abastecer células a combustível.
Descrição da imagem: 
•	 Turbinas eólicas podem gerar eletricidade para a rede de distribuição elétrica ou para a produção de hidrogênio. 
•	 Nesse processo, o hidrogênio é armazenado e pode ser utilizado como combustível, ou ser misturado ao 
biogás armazenado (através de uma válvula para mistura). 
•	 Essa mistura vai para uma planta mista de geração de energia e pode gerar eletricidade para a rede de 
distribuição elétrica, ou calor para o destino da energia térmica.
 
Mesmo com ausência de ventos por curtos períodos, essa estação continua abastecendo a cidade onde está 
instalada, pois o(a)","A: planta mista de geração de energia realiza eletrólise para enviar energia à rede de distribuição elétrica.; B: hidrogênio produzido e armazenado é utilizado na combustão com o biogás para gerar calor e eletricidade.; C: conjunto de turbinas continua girando com a mesma velocidade, por inércia, mantendo a eficiência anterior.; D: combustão da mistura biogás-hidrogênio gera diretamente energia elétrica adicional para a manutenção da estação.; E: planta mista de geração de energia é capaz de utilizar todo o calor fornecido na combustão para a geração de eletricidade.",1.01157,B
104,"Indústrias de processos químicos
A eletrólise é um processo não espontâneo de grande importância para a indústria química. Uma de suas 
aplicações é a obtenção do gás cloro e do hidróxido de sódio, a partir de uma solução aquosa de cloreto de sódio. 
Nesse procedimento, utiliza-se uma célula eletroquímica, como ilustrado.
Descrição da figura:
•	 A  figura apresenta uma célula eletroquímica formada por duas semicélulas separadas por um diafragma de 
amianto.
•	 A semicélula da esquerda contém um ânodo de carbono (polo positivo da célula eletroquímica) que está ligado 
ao polo positivo de uma bateria.
•	 Essa semicélula é alimentada por uma solução aquosa de NaCl, e ocorre liberação de Cl2 gasoso através de 
um orifício em sua parte superior.
•	 A semicélula da direita contém um cátodo de carbono (polo negativo da célula eletroquímica) que está ligado 
ao polo negativo da bateria.
•	 Essa semicélula apresenta, na parte inferior à direita, um dreno para a solução aquosa alcalina e, na parte 
superior, um orifício que mostra a liberação de um produto secundário.
•	 O fluxo de elétrons ocorre do ânodo para o cátodo, passando através da bateria e fechando o circuito elétrico.
No processo eletrolítico ilustrado, o produto secundário obtido é o",A: vapor de água.; B: oxigênio molecular.; C: hipoclorito de sódio.; D: hidrogênio molecular.; E: cloreto de hidrogênio.,1.66775,D
105,"Agricultura natural/orgânica como instrumento de fixação biológica e manutenção do nitrogênio no solo: 
um modelo sustentável de MDL
Uma grande virada na moderna história da agricultura ocorreu depois da Segunda Guerra Mundial. Após a guerra, 
os governos haviam se deparado com um enorme excedente de nitrato de amônio, ingrediente usado na fabricação 
de explosivos. A partir daí as fábricas de munição foram adaptadas para começar a produzir fertilizantes tendo como 
componente principal os nitratos.
No ciclo natural do nitrogênio, o equivalente ao principal componente desses fertilizantes industriais é produzido na 
etapa de",A: nitratação.; B: nitrosação.; C: amonificação.; D: desnitrificação.; E: fixação biológica do N2.,1.61043,A
106,"A toxicidade de algumas substâncias é normalmente 
representada por um índice conhecido como DL50 (dose 
letal mediana). Ele representa a dosagem aplicada 
a uma população de seres vivos que mata 50 por cento 
desses indivíduos e é normalmente medido 
utilizando-se ratos como cobaias. Esse índice é muito 
importante para os seres humanos, pois ao se extrapolar os 
dados obtidos com o uso de cobaias, pode-se determinar 
o nível tolerável de contaminação de alimentos, para que 
possam ser consumidos de forma segura pelas pessoas. 
O quadro apresenta três pesticidas e suas toxicidades. 
A unidade miligrama por quilograma indica a massa da 
substância ingerida pela massa da cobaia.
Descrição do quadro:
O quadro apresenta duas colunas: na primeira coluna, 
os nomes dos pesticidas e, na segunda coluna, seus 
respectivos valores de dose letal, DL50, em miligrama 
por quilograma.
•	 Diazinon: 70.
•	 Malation: 1 000.
•	 Atrazina: 3 100.
Sessenta ratos, com massa de 200 gramas 
cada, foram divididos em três grupos de vinte.  
Três amostras de ração, contaminadas, cada uma 
delas com um dos pesticidas indicados no quadro, 
na concentração de 3 miligramas por grama de 
ração, foram administradas para cada grupo de 
cobaias. Cada rato consumiu 100 gramas de ração.
Qual(ais) grupo(s) terá(ão) uma mortalidade mínima de 
10 ratos?","A: O grupo que se contaminou somente com atrazina.; B: O grupo que se contaminou somente com diazinon.; C: Os grupos que se contaminaram com atrazina e 
malation.; D: Os grupos que se contaminaram com diazinon e 
malation.; E: Nenhum dos grupos contaminados com atrazina, 
diazinon e malation.",1.606,D
107,"Os medicamentos são rotineiramente utilizados pelo 
ser humano com o intuito de diminuir ou, por muitas vezes, 
curar possíveis transtornos de saúde. Os antibióticos são 
grupos de fármacos inseridos no tratamento de doenças 
causadas por bactérias.
Na terapêutica das doenças mencionadas, alguns desses 
fármacos atuam",A: ativando o sistema imunológico do hospedeiro.; B: interferindo na cascata bioquímica da inflamação.; C: removendo as toxinas sintetizadas pelas bactérias.; D: combatendo as células hospedeiras das bactérias.; E: danificando estruturas específicas da célula bacteriana.,1.11215,E
108,".
Dispositivos eletrônicos que utilizam materiais de 
baixo custo, como polímeros semicondutores, têm sido 
desenvolvidos para monitorar a concentração de amônia 
(gás tóxico e incolor) em granjas avícolas. A polianilina 
é um polímero semicondutor que tem o valor de sua 
resistência elétrica nominal quadruplicado quando exposta 
a altas concentrações de amônia. Na ausência de amônia, 
a polianilina se comporta como um resistor ôhmico e a sua 
resposta elétrica é mostrada no gráfico.
Descrição do gráfico:
Gráfico da corrente elétrica (eixo vertical, em 
10 elevado a menos seis ampères) em função da 
diferença de potencial (eixo horizontal, em volt).  
O gráfico é constituído por uma linha reta inclinada 
crescente, partindo da origem dos eixos, com os 
seguintes pontos:
•	 Diferença de potencial 0,5 e corrente 1,0.
•	 Diferença de potencial 1,0 e corrente 2,0.
•	 Diferença de potencial 1,5 e corrente 3,0.
•	 Diferença de potencial 2,0 e corrente 4,0.
•	 Diferença de potencial 2,5 e corrente 5,0.
•	 Diferença de potencial 3,0 e corrente 6,0.
O valor da resistência elétrica da polianilina na presença 
de altas concentrações de amônia, em ohm, é igual a","A: zero vírgula cinco vezes, abre parêntese, dez elevado a zero, fecha parêntese.; B: dois vírgula zero vezes, abre parêntese, dez elevado a zero, fecha parêntese.; C: dois vírgula cinco vezes, abre parêntese, dez elevado a cinco, fecha parêntese.; D: cinco vírgula zero vezes, abre parêntese, dez elevado a cinco, fecha parêntese.; E: dois vírgula zero vezes, abre parêntese, dez elevado a seis, fecha parêntese.",1.65616,E
109,"Nanotubos de carbono incrementam a 
 fotossíntese de plantas
Pesquisadores conseguiram estimular a absorção de 
energia luminosa em plantas graças ao uso de nanotubos 
de carbono. Para isso, nanotubos de carbono “se 
inseriram” no interior dos cloroplastos por uma montagem 
espontânea, através das membranas dos cloroplastos. 
Pigmentos da planta absorvem as radiações luminosas, 
os elétrons são “excitados” e se deslocam no interior de 
membranas dos cloroplastos, e a planta utiliza em seguida 
essa energia elétrica para a fabricação de açúcares. 
Os nanotubos de carbono podem absorver comprimentos 
de onda habitualmente não utilizados pelos cloroplastos, 
e os pesquisadores tiveram a ideia de utilizá-los como 
“antenas”, estimulando a conversão de energia solar pelos 
cloroplastos, com o aumento do transporte de elétrons.
O aumento da eficiência fotossintética ocorreu pelo fato 
de os nanotubos de carbono promoverem diretamente a",A: utilização de água.; B: absorção de fótons.; C: formação de gás oxigênio.; D: proliferação dos cloroplastos.; E: captação de dióxido de carbono.,0.81902,B
110,"Impacto ambiental das barragens hidrelétricas
O fenômeno da piracema (subida do rio) é um 
importante mecanismo que influencia a reprodução 
de algumas espécies de peixes, pois induz o processo 
que estimula a queima de gordura e ativa mecanismos 
hormonais complexos, preparando-os para a reprodução. 
Intervenções antrópicas nos ambientes aquáticos, como 
a construção de barragens, interferem na reprodução 
desses animais.
Essa intervenção antrópica prejudica a piracema porque 
reduz o(a)",A: percurso da migração.; B: longevidade dos indivíduos.; C: disponibilidade de alimentos.; D: período de migração da espécie.; E: número de espécies de peixes no local.,0.85071,A
111,"Fusível é um dispositivo de proteção contra 
sobrecorrente em circuitos. Quando a corrente que passa 
por esse componente elétrico é maior que sua máxima 
corrente nominal, o fusível queima. Dessa forma, evita 
que a corrente elevada danifique os aparelhos do circuito. 
Suponha que o circuito elétrico mostrado seja alimentado 
por uma fonte de tensão U e que o fusível suporte uma 
corrente nominal de 500 miliampères.
Descrição da figura:
•	 Um circuito elétrico em forma de losango com 
vértices ABCD, alimentado por uma fonte de 
tensão U. 
•	 O polo positivo da tensão U parte para o ponto 
A, e o polo negativo da tensão U para o ponto C. 
•	 Entre A e B, há um resistor de 60 ohms. 
•	 Entre B e C, há outro resistor de 60 ohms ligado 
em paralelo com um resistor de 30 ohms. 
•	 Entre C e D, há um resistor de 40 ohms. 
•	 Entre D e A, há outro resistor de 60 ohms ligado 
em paralelo com um resistor de 120 ohms que 
está em série com um fusível.
 
Qual é o máximo valor da tensão U para que o fusível não 
queime?",A: vinte volts; B: quarenta volts; C: sessenta volts; D: cento e vinte volts; E: cento e oitenta e cinco volts,1.18769,D
112,"Sentinelas do mar
Os botos-cinza (Sotalia guianensis), mamíferos da 
família dos golfinhos, são excelentes indicadores da 
poluição das áreas em que vivem, pois passam toda a 
sua vida — cerca de 30 anos — na mesma região. Além 
disso, a espécie acumula mais contaminantes em seu 
organismo, como o mercúrio, do que outros animais da 
sua cadeia alimentar.
Os botos-cinza acumulam maior concentração dessas 
substâncias porque",A: são animais herbívoros.; B: são animais detritívoros.; C: são animais de grande porte.; D: digerem o alimento lentamente.; E: estão no topo da cadeia alimentar.,2.77185,E
113,"O Trombone de Quincke (de formato elíptico) é um 
dispositivo experimental utilizado para demonstrar o 
fenômeno da interferência de ondas sonoras. Uma fonte 
emite ondas sonoras de determinada frequência na 
entrada do dispositivo. Essas ondas se dividem por dois 
caminhos e se encontram no ponto de saída do dispositivo, 
onde se posiciona um detector. Um desses dois caminhos 
pode ser aumentado através do deslocamento de uma das 
partes do dispositivo, que é móvel. Quando os dois trajetos 
possuem o mesmo comprimento total, cada um com  
30 centímetros na ida e 30 centímetros na volta, capta-se um 
som muito intenso na saída. Entretanto, aumentando-se 
gradativamente o trajeto da parte móvel, até que ele fique 
com um comprimento total de 40 centímetros na ida e  
40 centímetros na volta, a intensidade do som na saída 
fica praticamente nula. Dessa forma, conhecida a 
velocidade do som no interior do tubo (320 metros por 
segundo), é possível determinar o valor da frequência do 
som produzido pela fonte.
O valor da frequência, em hertz, do som produzido pela 
fonte sonora é",A: três mil e duzentos; B: mil e seiscentos; C: oitocentos; D: seiscentos e quarenta; E: quatrocentos,1.62067,C
114,"O ácido acetilsalicílico, AAS (massa molar igual a 180 gramas por mol), é sintetizado a partir da reação do ácido 
salicílico (massa molar igual a 138 gramas por mol) com anidrido acético, usando-se ácido sulfúrico como catalisador, 
conforme o esquema reacional:
Descrição do esquema reacional:
Uma molécula de ácido salicílico (cadeia carbônica que contém um anel ligado no carbono 1 ao grupo COOH, por 
meio de ligação simples, e ligado no carbono 2 ao grupo hidroxila (OH), também por meio de ligação simples) reage 
com uma molécula de anidrido acético (cadeia carbônica com oxigênio no centro, ligado por meio de ligação simples 
a dois grupos C dupla O ligação simples com CH3) em presença de ácido sulfúrico e produz uma molécula de ácido 
acetilsalicílico (cadeia carbônica que contém um anel ligado no carbono 1 ao grupo COOH por meio de ligação 
simples, e ligado no carbono 2 ao grupo O ligação simples para C dupla O, e ligação simples para CH3 também por 
meio de ligação simples) e uma molécula de ácido acético (CH3 ligação simples com o grupo COOH).
Após a síntese, o AAS é purificado e o rendimento final é de aproximadamente 50 por cento. Devido às suas 
propriedades farmacológicas (antitérmico, analgésico, anti-inflamatório e antitrombótico), o AAS é utilizado como 
medicamento na forma de comprimidos, nos quais se emprega tipicamente uma massa de 500 miligramas dessa 
substância.
Uma indústria farmacêutica pretende fabricar um lote de 900 mil comprimidos, de acordo com as especificações do 
texto. Qual é a massa de ácido salicílico, em quilograma, que deve ser empregada para esse fim?",A: duzentos e noventa e três; B: trezentos e quarenta e cinco; C: quatrocentos e catorze; D: seiscentos e noventa; E: oitocentos e vinte e oito,2.68155,D
115,"A Mata Atlântica caracteriza-se por uma grande diversidade de epífitas, como as bromélias. Essas plantas estão 
adaptadas a esse ecossistema e conseguem captar luz, água e nutrientes mesmo vivendo sobre as árvores.
Essas espécies captam água do(a)",A: organismo das plantas vizinhas.; B: solo através de suas longas raízes.; C: chuva acumulada entre suas folhas.; D: seiva bruta das plantas hospedeiras.; E: comunidade que vive em seu interior.,2.25847,C
116,"O ferro é encontrado na natureza na forma de seus minérios, tais como a hematita (alfa-Fe2O3), a magnetita 
(Fe3O4) e a wustita (FeO). Na siderurgia, o ferro-gusa é obtido pela fusão de minérios de ferro em altos fornos em 
condições adequadas. Uma das etapas nesse processo é a formação de monóxido de carbono. O CO (gasoso) é 
utilizado para reduzir o FeO (sólido), conforme a equação química:
Descrição da equação química:
Os reagentes FeO (sólido) + CO (gasoso) formam os produtos Fe (sólido) + CO2 (gasoso).
Considere as seguintes equações termoquímicas:
Descrição das três equações termoquímicas:
Primeira equação:
•	 Os reagentes Fe2O3 (sólido) + 3 CO (gasoso) formam os produtos 2 Fe (sólido) + 3 CO2 (gasoso). 
•	 Variação de entalpia igual a −25 quilojoules por mol de Fe2O3.
Segunda equação:
•	 Os reagentes 3 FeO (sólido) + CO2 (gasoso) formam os produtos Fe3O4 (sólido) + CO (gasoso).
•	 Variação de entalpia igual a −36 quilojoules por mol de CO2.
Terceira equação:
•	 Os reagentes 2 Fe3O4 (sólido) + CO2 (gasoso) formam os produtos 3 Fe2O3 (sólido) + CO (gasoso).
•	 Variação de entalpia igual a +47 quilojoules por mol de CO2.
O valor mais próximo de variação de entalpia, em quilojoule por mol de FeO, para a reação indicada do  
FeO (sólido) com o CO (gasoso) é",A: menos catorze; B: menos dezessete; C: menos cinquenta; D: menos sessenta e quatro; E: menos cem,2.1206,B
117,"Japão pesquisa efeitos da radiação na fauna e flora de Fukushima
O Japão começou uma investigação em animais e plantas para estabelecer os efeitos da radiação procedente da 
usina nuclear de Fukushima nas regiões mais afetadas pelo acidente atômico. A análise registrará os níveis de césio 
radioativo em vários pontos da província japonesa.
Esse tipo de radiação promove reações químicas anormais nos tecidos orgânicos, pois retira elétrons das moléculas 
por um processo de",A: redução.; B: eletrólise.; C: ionização.; D: fusão nuclear.; E: fissão nuclear.,0.95439,C
118,"A distrofia muscular Duchenne (DMD) é uma doença 
causada por uma mutação em um gene localizado no 
cromossomo X. Pesquisadores estudaram uma família 
na qual gêmeas monozigóticas eram portadoras de um 
alelo mutante recessivo para esse gene (heterozigóticas). 
O interessante é que uma das gêmeas apresentava 
o fenótipo relacionado ao alelo mutante, isto é, DMD, 
enquanto a sua irmã apresentava fenótipo normal.
A diferença na manifestação da DMD entre as gêmeas 
pode ser explicada pela","A: dominância incompleta do alelo mutante em relação 
ao alelo normal.; B: falha na separação dos cromossomos X no momento 
da separação dos dois embriões.; C: recombinação cromossômica em uma divisão celular 
embrionária anterior à separação dos dois embriões.; D: inativação aleatória de um dos cromossomos X em 
fase posterior à divisão que resulta nos dois embriões.; E: origem paterna do cromossomo portador do alelo mutante 
em uma das gêmeas e origem materna na outra.",0.81755,D
119,"Para se adequar às normas ambientais atuais, as 
construtoras precisam prever em suas obras a questão 
do uso de materiais de modo a minimizar os impactos 
causados no local. Entre esses materiais está o chamado 
concregrama ou pisograma, que é um tipo de revestimento 
composto por peças de concreto com áreas vazadas, 
preenchidas com solo gramado. As figuras apresentam 
essas duas formas de piso feitos de concreto.
Descrição da imagem:
A imagem traz a representação dos pisos de concreto 
tradicional e do concregrama. O piso tradicional de 
concreto é representado por um retângulo de concreto 
maciço, já o piso concregrama é representado por um 
retângulo de concreto com quatro retângulos menores 
vazados preenchidos com solo gramado.
A utilização desse tipo de piso em uma obra tem o objetivo 
de evitar, no solo, a",A: impermeabilização.; B: diminuição da temperatura.; C: acumulação de matéria orgânica.; D: alteração do pH.; E: salinização.,2.04059,A
120,"Ácidos e bases em química orgânica 
Diversos produtos naturais podem ser obtidos de 
plantas por processo de extração. O lapachol é da classe 
das naftoquinonas. Sua estrutura apresenta uma hidroxila 
enólica (pKa = 6,0) que permite que este composto seja 
isolado da serragem dos ipês por extração com solução 
adequada, seguida de filtração simples. Considere que 
pKa igual a menos log de Ka, em que Ka é a constante 
ácida da reação de ionização do lapachol.
Descrição da estrutura química do lapachol:
A estrutura representa um ciclo com 6 átomos de 
carbono contendo uma ligação dupla entre os carbonos 
1 e 2, com as seguintes características: 
•	 um grupo hidroxila (OH) no carbono 1 do ciclo;
•	 uma cadeia carbônica ligada ao carbono 2 do 
ciclo. Essa cadeia contém 4 átomos de carbono 
com uma ligação dupla entre o segundo e o 
terceiro e um grupo metila no terceiro carbono;
•	 uma ligação dupla com oxigênio nos carbonos 
3 e 6 do ciclo;
•	 um anel benzênico condensado ao ciclo pelos 
carbonos 4 e 5 do ciclo.
Qual solução deve ser usada para extração do lapachol 
da serragem do ipê com maior eficiência?","A: Solução de Na2CO3 para formar um sal de lapachol.; B: Solução-tampão ácido acético/acetato de sódio 
(pH = 4,5).; C: Solução de NaCl a fim de aumentar a força iônica 
do meio.; D: Solução de Na2SO4 para formar um par iônico com 
lapachol.; E: Solução de HCl a fim de extraí-lo por meio de reação 
ácido-base.",1.34402,A
121,"Alguns tipos de dessalinizadores usam o processo de 
osmose reversa para obtenção de água potável a partir 
da água salgada. Nesse método, utiliza-se um recipiente 
contendo dois compartimentos separados por uma 
membrana semipermeável: em um deles coloca-se água 
salgada e no outro recolhe-se a água potável. A aplicação 
de pressão mecânica no sistema faz a água fluir de um 
compartimento para o outro. O movimento das moléculas 
de água através da membrana é controlado pela pressão 
osmótica e pela pressão mecânica aplicada.
Para que ocorra esse processo é necessário que 
as resultantes das pressões osmótica e mecânica 
apresentem",A: mesmo sentido e mesma intensidade.; B: sentidos opostos e mesma intensidade.; C: sentidos opostos e maior intensidade da pressão osmótica.; D: mesmo sentido e maior intensidade da pressão osmótica.; E: sentidos opostos e maior intensidade da pressão mecânica.,2.91532,E
122,"Na Idade Média, para elaborar preparados a partir 
de plantas produtoras de óleos essenciais, as coletas 
das espécies eram realizadas ao raiar do dia. Naquela 
época, essa prática era fundamentada misticamente pelo 
efeito mágico dos raios lunares, que seria anulado pela 
emissão dos raios solares. Com a evolução da ciência, 
foi comprovado que a coleta de algumas espécies ao 
raiar do dia garante a obtenção de material com maiores 
quantidades de óleos essenciais.
A explicação científica que justifica essa prática se baseia 
na","A: volatilização das substâncias de interesse.; B: polimerização dos óleos catalisada pela radiação 
solar.; C: solubilização das substâncias de interesse pelo 
orvalho.; D: oxidação do óleo pelo oxigênio produzido na 
fotossíntese.; E: liberação das moléculas de óleo durante o processo 
de fotossíntese.",1.03504,A
123,"Um determinado aparelho de TV traz em uma etiqueta 
próxima ao cabo de força a informação: “Alimentação: 
100 a 240 volts, 60 hertz e 2 ampères”.
Uma pessoa decide levar esse aparelho a um 
acampamento e utilizar dez baterias de carro de 12 volts 
e 60 ampères-hora, ligadas em série, para alimentá-lo.
O aparelho não funcionará, pois","A: a bateria não fornece a potência necessária.; B: necessita de corrente alternada para sua operação.; C: as baterias foram ligadas em um arranjo diferente do 
indicado.; D: a tensão das baterias é inferior à tensão mínima 
exigida pelo aparelho.; E: uma bateria de carro não é capaz de fornecer a 
corrente exigida de dois ampères.",2.57144,B
124,"Uma orquestra é constituída de diferentes 
instrumentos, que são classificados em famílias. Uma 
dessas famílias é a das cordas clássicas ou friccionadas, 
em que os instrumentos, agrupados do mais alto para o 
mais baixo, são: o violino, a viola clássica, o violoncelo e 
o contrabaixo acústico.
O violino, em comparação ao violoncelo, é capaz de 
produzir uma onda sonora com maior",A: período.; B: amplitude.; C: frequência.; D: velocidade.; E: comprimento de onda.,0.7264,C
125,"Um motorista que atende a uma chamada de celular 
é levado à desatenção, aumentando a possibilidade 
de acidentes ocorrerem em razão do aumento de seu 
tempo de reação. Considere dois motoristas, o primeiro 
atento e o segundo utilizando o celular enquanto 
dirige. Eles aceleram seus carros inicialmente a  
1 metro por segundo ao quadrado. Em resposta a uma 
emergência, freiam com uma desaceleração igual a 
5 metros por segundo ao quadrado. O motorista atento 
aciona o freio à velocidade de 14 metros por segundo, 
enquanto o desatento, em situação análoga, leva 
1 segundo a mais para iniciar a frenagem.
Que distância o motorista desatento percorre a mais do 
que o motorista atento, até a parada total dos carros?",A: dois vírgula noventa metros; B: catorze vírgula zero metros; C: catorze vírgula cinco metros; D: quinze vírgula zero metros; E: dezessete vírgula quatro metros,0.56765,E
126,"Uma das estratégias para conservação de alimentos 
é o salgamento, adição de cloreto de sódio (NaCl), 
historicamente utilizado por tropeiros, vaqueiros e 
sertanejos para conservar carnes de boi, porco e peixe.
O que ocorre com as células presentes nos alimentos 
preservados com essa técnica?","A: O sal adicionado diminui a concentração de solutos 
em seu interior.; B: O sal adicionado desorganiza e destrói suas 
membranas plasmáticas.; C: A adição de sal altera as propriedades de suas 
membranas plasmáticas.; D: Os íons Na+ e Cl− provenientes da dissociação do sal 
entram livremente nelas.; E: A grande concentração de sal no meio extracelular 
provoca a saída de água de dentro delas.",2.03245,E
127,"Para demonstrar o processo de transformação de 
energia mecânica em elétrica, um estudante constrói um 
pequeno gerador utilizando:
•	 um fio de cobre de diâmetro D enrolado em N 
espiras circulares de área A;
•	 dois ímãs que criam no espaço entre eles um campo 
magnético uniforme de intensidade B; e 
•	 um sistema de engrenagens que lhe permite girar as 
espiras em torno de um eixo com uma frequência f. 
Ao fazer o gerador funcionar, o estudante obteve uma 
tensão máxima V e uma corrente de curto-circuito i.
Para dobrar o valor da tensão máxima V do gerador 
mantendo constante o valor da corrente de curto i, o 
estudante deve dobrar o(a)",A: número de espiras.; B: frequência de giro.; C: intensidade do campo magnético.; D: área das espiras.; E: diâmetro do fio.,1.45295,A
128,"Química, a ciência global
A ozonólise, reação utilizada na indústria madeireira 
para a produção de papel, é também utilizada em 
escala de laboratório na síntese de aldeídos e cetonas. 
As duplas ligações dos alcenos são clivadas pela oxidação 
com o ozônio (O3), em presença de água e zinco metálico, 
e a reação produz aldeídos e/ou cetonas, dependendo do 
grau de substituição da ligação dupla. Ligações duplas 
dissubstituídas geram cetonas, enquanto as ligações 
duplas terminais ou monossubstituídas dão origem a 
aldeídos, como mostra o esquema.
Descrição do esquema:
O reagente but-1-eno (hidrocarboneto formado por 
quatro átomos de carbono que apresenta uma ligação 
dupla entre o primeiro e o segundo átomos de carbono) 
reage com ozônio (O3), em presença de água (H2O), 
e zinco metálico (Zn), e produz propanal (carbono 
ligado a oxigênio por meio de ligação dupla e ligado 
a um átomo de hidrogênio e a um grupo etila por meio 
de ligações simples) e metanal (carbono ligado a 
oxigênio por meio de ligação dupla e a dois átomos de 
hidrogênio por meio de ligações simples).
Considere a ozonólise do composto 1-fenil-2-metilprop-1-eno:
Descrição do composto 1-fenil-2-metilprop-1-eno:
Cadeia carbônica contendo três átomos de carbono 
com uma ligação dupla entre o primeiro e o segundo 
carbonos, um anel benzênico no primeiro carbono e 
um grupo metila no segundo carbono.
Quais são os produtos formados nessa reação?",A: Benzaldeído e propanona.; B: Propanal e benzaldeído.; C: 2-fenil-etanal e metanal.; D: Benzeno e propanona.; E: Benzaldeído e etanal.,1.41041,A
129,"A terapia celular tem sido amplamente divulgada como revolucionária, por permitir a regeneração de tecidos a 
partir de células novas. Entretanto, a técnica de se introduzirem novas células em um tecido, para o tratamento de 
enfermidades em indivíduos, já era aplicada rotineiramente em hospitais.
A que técnica refere-se o texto?",A: Vacina.; B: Biópsia.; C: Hemodiálise.; D: Quimioterapia.; E: Transfusão de sangue.,1.63399,E
130,"Em algumas residências, cercas eletrificadas são utilizadas com o objetivo de afastar possíveis invasores. 
Uma cerca eletrificada funciona com uma diferença de potencial elétrico de aproximadamente 10 000 volts. 
Para que não seja letal, a corrente que pode ser transmitida através de uma pessoa não deve ser maior do que 
0,01 ampère. Já a resistência elétrica corporal entre as mãos e os pés de uma pessoa é da ordem de 1 000 ohms.
Para que a corrente não seja letal a uma pessoa que toca a cerca eletrificada, o gerador de tensão deve possuir uma 
resistência interna que, em relação à do corpo humano, é",A: praticamente nula.; B: aproximadamente igual.; C: milhares de vezes maior.; D: da ordem de dez vezes maior.; E: da ordem de dez vezes menor.,1.26972,C
131,"Para acender uma fogueira ou um fogão a lenha, recomenda-se utilizar inicialmente folhas secas ou lascas de 
lenha e só depois colocar as toras mais grossas. Considerando-se condições reacionais idênticas, percebe-se que as 
folhas ou lascas queimam numa velocidade maior que as toras.
O fator que determina essa maior velocidade de queima é o aumento da",A: pressão.; B: temperatura.; C: energia de ativação.; D: superfície de contato.; E: concentração dos reagentes.5,0.82494,D
132,"Algumas espécies vegetais têm o tegumento das 
sementes impermeável à água. O fogo frequente, 
durante a seca, provoca uma brusca e rápida elevação 
da temperatura, que pode levar ao aparecimento de 
fissuras na casca da semente e assim torná-la permeável, 
favorecendo sua germinação.
Essa é uma característica adaptativa de vegetais típicos 
de qual bioma brasileiro?",A: Cocais.; B: Pampa.; C: Cerrado.; D: Restinga.; E: Caatinga.,0.75725,C
133,"A tabela periódica
No ar que respiramos existem os chamados “gases 
inertes”. Trazem curiosos nomes gregos, que significam 
“o Novo”, “o Oculto”, “o Inativo”. E de fato são de tal 
modo inertes, tão satisfeitos em sua condição, que 
não interferem em nenhuma reação química, não se 
combinam com nenhum outro elemento e justamente por 
esse motivo ficaram sem ser observados durante séculos: 
só em 1962 um químico, depois de longos e engenhosos 
esforços, conseguiu forçar “o Estrangeiro” (o xenônio) a 
combinar-se fugazmente com o flúor ávido e vivaz, e a 
façanha pareceu tão extraordinária que lhe foi conferido 
o Prêmio Nobel.
Qual propriedade do flúor justifica sua escolha como 
reagente para o processo mencionado?",A: Densidade.; B: Condutância.; C: Eletronegatividade.; D: Estabilidade nuclear.; E: Temperatura de ebulição.,2.39752,C
134,"No manual fornecido pelo fabricante de uma ducha 
elétrica de 220 volts é apresentado um gráfico com 
a variação da temperatura da água em função da 
vazão para duas condições (morno e superquente). 
Na condição superquente, a potência dissipada é de  
6 500 watts. Considere o calor específico da água 
igual a 4 200 joules por, abre parêntese, quilograma 
vezes graus Celsius, fecha parêntese, e densidade 
da água igual a 1 quilograma por litro.
Descrição do gráfico:
•	 Gráfico da variação da temperatura (eixo vertical, 
em graus Celsius) em função da vazão da água 
(eixo horizontal, em litro por minuto). 
•	 Para a posição morna, na vazão de 3 litros por 
minuto, a temperatura varia 12 graus Celsius e, 
na vazão de 8 litros por minuto, a temperatura 
varia 4 graus Celsius.
•	 Para a posição superquente, na vazão de 3 litros 
por minuto, a temperatura varia 32 graus Celsius 
e, na vazão de 8 litros por minuto, a temperatura 
varia 12 graus Celsius.
Com base nas informações dadas, a potência na condição 
morno corresponde a que fração da potência na condição 
superquente?",A: Um terço.; B: Um quinto.; C: Três quintos.; D: Três oitavos.; E: Cinco oitavos.,1.20198,D
135,"A retina é um tecido sensível à luz, localizado na parte 
posterior do olho, onde ocorre o processo de formação 
de imagem. Nesse tecido, encontram-se vários tipos 
celulares específicos. Um desses tipos celulares são os 
cones, os quais convertem os diferentes comprimentos 
de onda da luz visível em sinais elétricos, que são 
transmitidos pelo nervo óptico até o cérebro.
Em relação à visão, a degeneração desse tipo celular irá","A: comprometer a capacidade de visão em cores.; B: impedir a projeção dos raios luminosos na retina.; C: provocar a formação de imagens invertidas na retina.; D: causar dificuldade de visualização de objetos próximos.; E: acarretar a perda da capacidade de alterar o diâmetro 
da pupila.",1.67212,A
