numero_questao,enunciado,alternativas
91,"Para serem absorvidos pelas células do intestino
humano, os lipídios ingeridos precisam ser primeiramente
emulsificados. Nessa etapa da digestão, torna-se
necessária a ação dos ácidos biliares, visto que os
lipídios apresentam uma natureza apolar e são insolúveis
em água.

Esses ácidos atuam no processo de modo a",A: hidrolisar os lipídios.; B: agir como detergentes.; C: tornar os lipídios anfifílicos.; D: promover a secreção de lipases.; E: estimular o trânsito intestinal dos lipídios.
92,"A tecnologia de comunicação da etiqueta RFID
(chamada de etiqueta inteligente) é usada há anos
para rastrear gado, vagões de trem, bagagem aérea e
carros nos pedágios. Um modelo mais barato dessas
etiquetas pode funcionar sem baterias e é constituído
por três componentes: um microprocessador de silício;
uma bobina de metal, feita de cobre ou de alumínio, que
é enrolada em um padrão circular; e um encapsulador,
que é um material de vidro ou polímero envolvendo
o microprocessador e a bobina. Na presença de um
campo de radiofrequência gerado pelo leitor, a etiqueta
transmite sinais. A distância de leitura é determinada
pelo tamanho da bobina e pela potência da onda de
rádio emitida pelo leitor.

A etiqueta funciona sem pilhas porque o campo",A: elétrico da onda de rádio agita elétrons da bobina.; B: elétrico da onda de rádio cria uma tensão na bobina.; C: magnético da onda de rádio induz corrente na bobina.; D: magnético da onda de rádio aquece os fios da bobina.; E: magnético da onda de rádio diminui a ressonância no interior da bobina.
93,"Corredores ecológicos visam mitigar os efeitos da
fragmentação dos ecossistemas promovendo a ligação
entre diferentes áreas, com o objetivo de proporcionar o
deslocamento de animais, a dispersão de sementes e o
aumento da cobertura vegetal. São instituídos com base
em informações como estudos sobre o deslocamento
de espécies, sua área de vida (área necessária para o
suprimento de suas necessidades vitais e reprodutivas) e
a distribuição de suas populações.

Nessa estratégia, a recuperação da biodiversidade é
efetiva porque",A: propicia o fluxo gênico.; B: intensifica o manejo de espécies.; C: amplia o processo de ocupação humana.; D: aumenta o número de indivíduos nas populações.; E: favorece a formação de ilhas de proteção integral.
94,"A identificação de riscos de produtos perigosos para o
transporte rodoviário é obrigatória e realizada por meio da
sinalização composta por um painel de segurança, de cor
alaranjada, e um rótulo de risco. As informações inseridas
no painel de segurança e no rótulo de risco, conforme
determina a legislação, permitem que se identifique o
produto transportado e os perigos a ele associados.

A sinalização mostrada identifica uma substância que
está sendo transportada em um caminhão.

Descrição da sinalização:

Painel contendo dois números. Na parte superior
está o número 268; na parte inferior, o número 1005.
Do lado direito há um losango com a ilustração de
um crânio humano com dois ossos cruzados e a
informação textual: “Gás tóxico 2”.

Os três algarismos da parte superior do painel indicam
o “Número de risco”. O número 268 indica tratar-se de um
gás (2), tóxico (6) e corrosivo (8). Os quatro dígitos da
parte inferior correspondem ao “Número ONU”, que
identifica o produto transportado.
Considerando a identificação apresentada no caminhão,
o código 1005 corresponde à substância",A: eteno.; B: nitrogênio.; C: amônia.; D: propano.; E: dióxido de carbono.
95,"Fundamentos da biologia celular

No ciclo celular atuam moléculas reguladoras. Dentre
elas, a proteína p53 é ativada em resposta a mutações
no DNA, evitando a progressão do ciclo até que os danos
sejam reparados, ou induzindo a célula à autodestruição.

A ausência dessa proteína poderá favorecer a","A: redução da síntese de DNA, acelerando o ciclo celular.; B: saída imediata do ciclo celular, antecipando a proteção do DNA.; C: ativação de outras proteínas reguladoras, induzindo a apoptose.; D: manutenção da estabilidade genética, favorecendo a longevidade.; E: proliferação celular exagerada, resultando na formação de um tumor."
96,"Estratificação aquática é o fenômeno de divisão
dos lagos em camadas com diferentes temperaturas.
No verão a água mais próxima à superfície é aquecida
pelo sol, formando uma camada quente, e a camada
inferior do lago se mantém mais fria. No inverno a camada
superior esfria, ocorrendo um processo de troca de
nutrientes e oxigênio entre as camadas.

Esse processo ocorre devido ao(à)",A: diminuição da taxa de evaporação da água.; B: aproximação da temperatura entre as camadas.; C: diminuição da temperatura das camadas inferiores.; D: aumento da taxa de condensação da umidade do ar.; E: aumento da densidade da água da camada superior.
97,"O grafeno é uma forma alotrópica do carbono
constituído por uma folha planar (arranjo bidimensional)
de átomos de carbono compactados e com a espessura
de apenas um átomo. Sua estrutura é hexagonal,
conforme a figura.

Descrição da estrutura do grafeno:

A estrutura apresenta uma rede plana formada
por vários hexágonos interligados, que contêm, em
cada vértice, um átomo de carbono. Cada átomo de
carbono está ligado a outros três átomos de carbono
presentes nos vértices desses hexágonos.

Nesse arranjo, os átomos de carbono possuem hibridação",A: de geometria linear.; B: dois de geometria trigonal planar.; C: três alternados com carbonos com hibridação de geometria linear.; D: três d de geometria planar.; E: três ddois com geometria hexagonal planar.
98,"Um projetista deseja construir um brinquedo que
lance um pequeno cubo ao longo de um trilho horizontal,
e o dispositivo precisa oferecer a opção de mudar a
velocidade de lançamento. Para isso, ele utiliza uma mola
e um trilho onde o atrito pode ser desprezado, conforme
a figura.

Descrição da figura:

A figura ilustra o brinquedo como um tubo (trilho
horizontal) com a extremidade esquerda fechada e a
direita aberta. Uma mola está dentro do tubo, fixada
na extremidade fechada e sendo comprimida por um
cubo, que se pretende lançar pela parte aberta.

Para que a velocidade de lançamento do cubo seja
aumentada quatro vezes, o projetista deve","A: manter a mesma mola e aumentar duas vezes a sua
deformação.; B: manter a mesma mola e aumentar quatro vezes a sua
deformação.; C: manter a mesma mola e aumentar dezesseis vezes a
sua deformação.; D: trocar a mola por outra de constante elástica duas
vezes maior e manter a deformação.; E: trocar a mola por outra de constante elástica quatro
vezes maior e manter a deformação."
99,"A liberação de gases poluentes para a atmosfera,
provenientes da decomposição do lixo orgânico nos
aterros sanitários, tornou-se um grande problema para o
meio ambiente. Uma das alternativas para minimizá-lo é o
aproveitamento desses gases para gerar energias elétrica
e térmica.

O gás produzido em grande quantidade utilizado para o
propósito mencionado é o",A: H₂S – Sulfeto de hidrogênio (ou Ácido sulfídrico); B: CH₄ – Metano; C: N₂O – Óxido nitroso (ou Monóxido de dinitrogênio); D: NO₂ – Dióxido de nitrogênio; E: SO₃ – Trióxido de enxofre
100,"O carro flex é uma realidade no Brasil. Estes veículos
estão equipados com motor que tem a capacidade
de funcionar com mais de um tipo de combustível. No
entanto, as pessoas que têm esse tipo de veículo, na
hora do abastecimento, têm sempre a dúvida: álcool ou
gasolina? Para avaliar o consumo desses combustíveis,
realizou-se um percurso com um veículo flex, consumindo
40 litros de gasolina e no percurso de volta utilizou-se etanol.
Foi considerado o mesmo consumo de energia tanto no
percurso de ida quanto no de volta.

O quadro resume alguns dados aproximados sobre
esses combustíveis.

Descrição do quadro:

Quadro com dois combustíveis e seus valores de
densidade em grama por mililitro e calor de combustão
em quilocaloria por grama.

Etanol:

densidade: 0,8

calor de combustão: —6
Gasolina:

densidade: 0,7

calor de combustão: —10

O volume de etanol combustível, em litro, consumido no
percurso de volta é mais próximo de",A: 27 – Vinte e sete; B: 32 – Trinta e dois; C: 37 – Trinta e sete; D: 58 – Cinquenta e oito; E: 67 – Sessenta e sete;
101,"As abelhas utilizam a sinalização química para
distinguir a abelha-rainha de uma operária, sendo
capazes de reconhecer diferenças entre moléculas.
A rainha produz o sinalizador químico conhecido como
ácido 9-hidroxidec-2-enoico, enquanto as abelhas-
-operárias produzem ácido 10-hidroxidec-2-enoico.
Nós podemos distinguir as abelhas-operárias e rainhas
por sua aparência, mas, entre si, elas usam essa
sinalização química para perceber a diferença. Pode-se
dizer que veem por meio da química.

As moléculas dos sinalizadores químicos produzidas
pelas abelhas rainha e operária possuem diferença na",A: fórmula estrutural.; B: fórmula molecular.; C: identificação dos tipos de ligação.; D: contagem do número de carbonos.; E: identificação dos grupos funcionais.
102,"Insetos podem apresentar três tipos de desenvolvimento.
Um deles, a holometabolia (desenvolvimento completo),
é constituído pelas fases de ovo, larva, pupa e adulto
sexualmente maduro, que ocupam diversos hábitats.
Os insetos com holometabolia pertencem às ordens mais
numerosas em termos de espécies conhecidas.

Esse tipo de desenvolvimento está relacionado a um
maior número de espécies em razão da","A: proteção na fase de pupa, favorecendo a sobrevivência
de adultos férteis.; B: produção de muitos ovos, larvas e pupas, aumentando
o número de adultos.; C: exploração de diferentes nichos,
competição entre as fases da vida.; D: ingestão de alimentos em todas as fases de vida,
garantindo o surgimento do adulto.; E: utilização do mesmo alimento em todas as fases,
otimizando a nutrição do organismo."
103,"Talvez você já tenha bebido suco usando dois
canudinhos iguais. Entretanto, pode-se verificar que, se
colocar um canudo imerso no suco e outro do lado de
fora do líquido, fazendo a sucção simultaneamente em
ambos, você terá dificuldade em bebê-lo.

Essa dificuldade ocorre porque o(a)","A: força necessária para a sucção do ar e do suco
simultaneamente dobra de valor.; B: densidade do ar é menor que a do suco, portanto, o
volume de ar aspirado é muito maior que o volume
de suco.; C: velocidade com que o suco sobe deve ser constante
nos dois canudos, o que é impossível com um dos
canudos de fora.; D: O peso da coluna de suco é consideravelmente maior
que o peso da coluna de ar, o que dificulta a sucção
do líquido.; E: pressão no interior da boca assume praticamente o
mesmo valor daquela que atua sobre o suco."
104,"O alemão Fritz Haber recebeu o Prêmio Nobel de
química de 1918 pelo desenvolvimento de um processo
viável para a síntese da amônia (NH). Em seu discurso
de premiação, Haber justificou a importância do feito
dizendo que:

“Desde a metade do século passado, tornou-se
conhecido que um suprimento de nitrogênio é uma
necessidade básica para o aumento das safras de
alimentos; entretanto, também se sabia que as plantas
não podem absorver o nitrogênio em sua forma simples,
que é o principal constituinte da atmosfera. Elas precisam
que o nitrogênio seja combinado [...] para poderem
assimilá-lo.

Economias agrícolas basicamente mantêm o balanço
do nitrogênio ligado. No entanto, com o advento da era
industrial, os produtos do solo são levados de onde cresce
a colheita para lugares distantes, onde são consumidos,
fazendo com que o nitrogênio ligado não retorne à terra
da qual foi retirado.

Isso tem gerado a necessidade econômica mundial
de abastecer o solo com nitrogênio ligado. [...] Ademanda
por nitrogênio, tal como a do carvão, indica quão diferente
nosso modo de vida se tornou com relação ao das
pessoas que, com seus próprios corpos, fertilizam o solo
que cultivam.

Desde a metade do último século, nós vínhamos
aproveitando o suprimento de nitrogênio do salitre que
a natureza tinha depositado nos desertos montanhosos
do Chile. Comparando o rápido crescimento da demanda
com a extensão calculada desses depósitos, ficou
claro que em meados do século atual uma emergência
seríssima seria inevitável, a menos que a química
encontrasse uma saída.”

De acordo com os argumentos de Haber, qual fenômeno
teria provocado o desequilíbrio no “balanço do nitrogênio
ligado”?","A: esgotamento das reservas de salitre no Chile.; B: O aumento da exploração de carvão vegetal e carvão
mineral.; C: A redução da fertilidade do solo nas economias
agrícolas.; D: A intensificação no fluxo de pessoas do campo para
as cidades.; E: A necessidade das plantas de absorverem sais de
nitrogênio disponíveis no solo."
105,"A polinização, que viabiliza o transporte do grão de
pólen de uma planta até o estigma de outra, pode ser
realizada biótica ou abioticamente. Nos processos
abióticos, as plantas dependem de fatores como o vento
e a água.

A estratégia evolutiva que resulta em polinização mais
eficiente quando esta depende do vento é o(a)",A: diminuição do cálice.; B: alongamento do ovário.; C: disponibilização do néctar.; D: intensificação da cor das pétalas.; E: aumento do número de estames.
106,"Muitos smartphones e tablets não precisam mais
de teclas, uma vez que todos os comandos podem ser
dados ao se pressionar a própria tela. Inicialmente
essa tecnologia foi proporcionada por meio das telas
resistivas, formadas basicamente por duas camadas de
material condutor transparente que não se encostam até
que alguém as pressione, modificando a resistência total
do circuito de acordo com o ponto onde ocorre o toque.
A imagem é uma simplificação do circuito formado pelas
placas, em que A e B representam pontos onde o circuito
pode ser fechado por meio do toque.

Descrição da imagem:

Circuito elétrico composto por dois ramos
ligados em paralelo, conectados a uma fonte de
tensão. Cada ramo possui dois resistores iguais de
resistência 4 quilo-ohms. Entre os resistores de cada
ramo existe uma chave A que, quando fechada,
conecta os dois ramos (na figura, esta chave está
aberta). Após os resistores de cada ramo existe
uma chave B que, quando fechada, conecta os dois
ramos (na figura, esta chave também está aberta).

Qual é a resistência equivalente no circuito provocada por
um toque que fecha o circuito no ponto A?",A: Um vírgula três quilo-ohm; B: Quatro vírgula zero quilo-ohms; C: Seis vírgula zero quilo-ohms; D: Seis vírgula sete quilo-ohms; E: Doze vírgula zero quilo-ohms;
107,"Companhias que fabricam jeans usam cloro para
o clareamento, seguido de lavagem. Algumas estão
substituindo o cloro por substâncias ambientalmente mais
seguras como peróxidos, que podem ser degradados
por enzimas chamadas peroxidases. Pensando nisso,
pesquisadores codificadores de
peroxidases em leveduras cultivadas nas condições de

clareamento e lavagem dos jeans e selecionaram as

inseriram genes

sobreviventes para produção dessas enzimas.

Nesse caso, o uso dessas leveduras modificadas objetiva","A: reduzir a quantidade de resíduos tóxicos nos efluentes
da lavagem.; B: eliminar a necessidade de tratamento da água
consumida.; C: elevar a capacidade de clareamento dos jeans.; D: aumentar a resistência do jeans a peróxidos.; E: associar ação bactericida ao clareamento."
108,"Química na saúde

Por meio de
carboidratos, lipídeos e proteínas, nossas células obtêm
energia e produzem gás carbônico e água. A oxidação da
glicose no organismo humano libera energia, conforme

reações químicas que envolvem

ilustra a equação química, sendo que aproximadamente
40 por cento dela é disponibilizada para atividade muscular.

Descrição da equação química:

Os reagentes fórmula química da glicose (sólido) mais 6 fórmula química do gás oxigênio (gasoso)
formam os produtos 6 fórmula química do gás carbônico (gasoso) mais 6 fórmula química da água
(líquido). Variação de entalpia igual a —2 800 quilojoules.

Considere as massas molares (em grama por mol):
H igual a 1; C igual a 12; O igual a 16.
Na oxidação de 1,0 grama de glicose, a energia obtida
para atividade muscular, em quilojoule, é mais próxima de",A: Seis vírgula dois; B: Quinze vírgula seis; C: Setenta vírgula zero; D: Seiscentos e vinte e dois vírgula dois; E: Mil cento e vinte vírgula zero;
109,"Alguns peixes, como o poraquê, a enguia-elétrica da
Amazônia, podem produzir uma corrente elétrica quando
se encontram em perigo. Um poraquê de 1 metro de
comprimento, em perigo, produz uma corrente em torno
de 2 ampéres e uma voltagem de 600 volts.

O quadro apresenta a potência aproximada de
equipamentos elétricos.

Descrição do quadro:

Quadro com alguns equipamentos elétricos e
seus valores de potência aproximada em watt.

Exaustor: 150.

Computador: 300.

Aspirador de pó: 600.
Churrasqueira elétrica: 1 200.
Secadora de roupas: 3 600.

O equipamento elétrico que tem potência similar àquela
produzida por esse peixe em perigo é o(a)",A: exaustor.; B: computador.; C: aspirador de pó.; D: churrasqueira elétrica.; E: secadora de roupas.
110,"Ao pesquisar um resistor feito de um novo tipo
de material, um cientista observou o comportamento
mostrado no gráfico tensão versus corrente.

Descrição do gráfico:

A escala de tensão varia de O volt a 120 volts,
enquanto a escala de corrente varia de O ampére a 7
ampéres. O gráfico é uma curva contínua e crescente
com uma leve concavidade voltada para cima partindo
do ponto (0, 0) e chegando ao ponto (7, 120).

Após a análise do gráfico, ele concluiu que a tensão
em função da corrente é dada pela equação: Tensão
é igual a 10 vezes o valor da corrente mais o valor da
corrente elevado ao quadrado.

O gráfico da resistência elétrica do resistor em função da
corrente é","A: Descrição do gráfico:

Gráfico de linha. No eixo horizontal, a corrente elétrica, de zero a sete ampéres. No eixo vertical, a resistência, de zero a vinte ohms. Do ponto (zero, dez) parte uma linha reta horizontal para o ponto (sete, dez).; B: Descrição do gráfico:

Gráfico de linha. No eixo horizontal, a corrente elétrica, de zero a sete ampéres. No eixo vertical, a resistência, de dez a trinta ohms. Do ponto (zero, dezessete) parte uma linha reta horizontal para o ponto (sete, dezessete).; C: Descrição do gráfico:

Gráfico de linha. No eixo horizontal, a corrente elétrica, de zero a sete ampéres. No eixo vertical, a resistência, de zero a oito ohms. Do ponto (zero, zero) parte uma linha reta em diagonal crescente para o ponto (sete, sete).; D: Descrição do gráfico:

Gráfico de linha. No eixo horizontal, a corrente elétrica, de zero a sete ampéres. No eixo vertical, a resistência, de oito a dezoito ohms. Do ponto (zero, dez) parte uma linha reta em diagonal crescente para o ponto (sete, dezessete).; E: Descrição do gráfico:

Gráfico de linha. No eixo horizontal, a corrente elétrica, de zero a sete ampéres. No eixo vertical, a resistência, de zero a sessenta ohms. Do ponto (zero, dez) parte uma linha curva crescente, com concavidade voltada para cima, para o ponto (sete, sessenta)."
111,"Nas indústrias é muito comum o uso de equipamentos
de medição do pH, aparelhos que indicam a molaridade do
fon hidrônio (H,0*). Em soluções diluídas, tratadas como
ideais, a atividade do fon hidrônio é igual à molaridade
desse íon. Para assegurar a precisão desses aparelhos,
deve-se calibrá-los com soluções-tampão de pH 4, pH 7
e pH 10.

Na calibração desse medidor, a solução-tampão de menor
pH apresenta","A: molaridade do íon hidrônio igual a 4.; B: O elevada concentração de íons OH” livres.; C: caráter neutro com carência de íons hidrônio.; D: concentração de íons hidrônio superior à de íons OH”.; E: aspecto básico com excesso de íons hidrônio em
solução."
112,"Um estudante relatou que o mapeamento do DNA da
cevada foi quase todo concluído e seu código genético
desvendado. Chamou atenção para o número de genes
que compõem esse código genético e que a semente da
cevada, apesar de pequena, possui um genoma mais
complexo que o humano, sendo boa parte desse código
constituída de sequências repetidas. Nesse contexto,
o conceito de código genético está abordado de forma
equivocada.

Cientificamente esse conceito é definido como","A: trincas de nucleotídeos que codificam os aminoácidos.; B: localização de todos os genes encontrados em um
genoma.; C: codificação de sequências repetidas presentes em
um genoma.; D: conjunto de todos os RNAs mensageiros transcritos
em um organismo.; E: todas as sequências de pares de bases presentes em
um organismo."
113,"As fontes de energia podem ser classificadas de
acordo com a origem do recurso e sua capacidade de
reposição natural. Apesar de o Brasil ser rico em matrizes
energéticas, episódios como os apagões, em alguns
estados, e a seca nos reservatórios de hidrelétricas
retomaram a discussão sobre a opção de se produzir:
i) energia limpa, ii) de baixo impacto ambiental e de
contaminação e iii) independente da ação humana para
se renovar.

Uma fonte de energia que atende aos três critérios
mencionados é a",A: fóssil.; B: eólica.; C: hídrica.; D: nuclear.; E: biomassa.
114,"O nível metabólico de uma célula pode ser determinado
pela taxa de síntese de RNAs e proteínas, processos
dependentes de energia. Essa diferença na taxa de

síntese de biomoléculas é refletida na abundância e
características morfológicas dos componentes celulares.
Em uma empresa de produção de hormônios proteicos
a partir do cultivo de células animais, um pesquisador
deseja selecionar uma linhagem com o metabolismo de
síntese mais elevado, dentre as cinco esquematizadas
na figura.

Descrição da figura:

Legenda que serve de referência para as demais
imagens, com uma membrana plasmática, na
qual estão representadas as seguintes estruturas:
Mitocôndria, Retículo endoplasmático rugoso,
Nucléolo, Eucromatina e Heterocromatina.

Abaixo da legenda há 5 linhagens, numeradas de
| a V, todas de mesmo tamanho, descritas a seguir:

Il. Duas mitocôndrias, uma unidade de retículo
endoplasmático rugoso, um núcleo pequeno com
nucléolo pequeno, eucromatina e grande quantidade
de heterocromatina.

Il. Quatro mitocôndrias, duas unidades de retículo
endoplasmático rugoso, um núcleo grande com um
nucléolo grande, eucromatina e quantidade média de
heterocromatina.

III. Quatro mitocôndrias, duas unidades de retículo
endoplasmático rugoso, um núcleo pequeno com um
nucléolo pequeno, eucromatina e grande quantidade
de heterocromatina.

IV. Quatro mitocôndrias, quatro unidades de
retículo endoplasmático rugoso, um núcleo grande
com um nucléolo grande, eucromatina e quantidade
pequena de heterocromatina.

V. Duas mitocôndrias, uma unidade de retículo
endoplasmático rugoso, um núcleo grande com um
nucléolo pequeno, eucromatina e quantidade média
de heterocromatina.

Qual linhagem deve ser escolhida pelo pesquisador?",A: I; B: II; C: III; D: IV; E: V
115,"O deserto é um bioma que se localiza em regiões de
pouca umidade. A fauna é, predominantemente, composta
por animais roedores, aves, répteis e artrópodes.

Uma adaptação, associada a esse bioma, presente nos
seres vivos dos grupos citados é o(a)","A: existência de numerosas glândulas sudoríparas na
epiderme.; B: eliminação de excretas nitrogenadas de forma
concentrada.; C: desenvolvimento do embrião no interior de ovo com casca.; D: capacidade de controlar a temperatura corporal.; E: respiração realizada por pulmões foliáceos."
116,"O sulfeto de mercúrio(Il) foi usado como pigmento
vermelho para pinturas de quadros e murais.
Esse pigmento, conhecido como vermilion, escurece
com o passar dos anos, fenômeno cuja origem é alvo
de pesquisas. Aventou-se a hipótese de que o vermilion
seja decomposto sob a ação da luz, produzindo uma fina
camada de mercúrio metálico na superfície. Essa reação
seria catalisada por íon cloreto presente na umidade do ar.

Segundo a hipótese proposta, o íon cloreto atua na
decomposição fotoguímica do vermilion",A: reagindo como agente oxidante.; B: deslocando o equilíbrio químico.; C: diminuindo a energia de ativação.; D: precipitando cloreto de mercúrio.; E: absorvendo a energia da luz visível.
117,"O sonorizador é um dispositivo físico implantado
sobre a superfície de uma rodovia de modo que provoque
uma trepidação e ruído quando da passagem de um
veículo sobre ele, alertando para uma situação atípica à
frente, como obras, pedágios ou travessia de pedestres.
Ao passar sobre os sonorizadores, a suspensão do veículo
sofre vibrações que produzem ondas sonoras, resultando em
um barulho peculiar.

Considere um veículo que passe com velocidade
constante igual a 108 quilômetros por hora sobre um
sonorizador cujas faixas são separadas por uma distância
de 8 centímetros.

A frequência da vibração do automóvel percebida pelo
condutor durante a passagem nesse sonorizador é mais
próxima de",A: Oito vírgula seis hertz; B: Treze vírgula cinco hertz; C: Trezentos e setenta e cinco hertz; D: Mil trezentos e cinquenta hertz; E: Quatro mil oitocentos e sessenta hertz
118,"As pessoas que utilizam objetos cujo princípio de
funcionamento é o mesmo do das alavancas aplicam
uma força, chamada de força potente, em um dado
ponto da barra, para superar ou equilibrar uma segunda
força, chamada de resistente, em outro ponto da barra.
Por causa das diferentes distâncias entre os pontos de
aplicação das forças, potente e resistente, os seus efeitos
também são diferentes. A figura mostra alguns exemplos
desses objetos.

Descrição da figura:

A figura contém as imagens de cinco objetos:
pinça, alicate, quebra-nozes, carrinho de mão e
abridor de garrafa.

Em qual dos objetos a força potente é maior que a força
resistente?",A: Pinça.; B: Alicate.; C: Quebra-nozes.; D: Carrinho de mão.; E: Abridor de garrafa.
119,"Na mitologia grega, Nióbia era a filha de Tântalo, dois
personagens conhecidos pelo sofrimento. O elemento
químico de número atômico (Z) igual a 41 tem propriedades
químicas e físicas tão parecidas com as do elemento de
número atômico 73 que chegaram a ser confundidos.
Por isso, em homenagem a esses dois personagens
da mitologia grega, foi conferido a esses elementos os
nomes de nióbio (Z igual a 41) e tântalo (Z igual a 73).
Esses dois elementos químicos adquiriram grande
importância econômica na metalurgia, na produção de
supercondutores e em outras aplicações na indústria de
ponta, exatamente pelas propriedades químicas e físicas
comuns aos dois.

Aimportância econômica e tecnológica desses elementos,
pela similaridade de suas propriedades químicas e físicas,
deve-se a","A: terem elétrons no subnível f.; B: serem elementos de transição interna.; C: pertencerem ao mesmo grupo na tabela periódica.; D: terem seus elétrons mais externos nos níveis 4 e 5,
respectivamente.; E: estarem localizados na família dos alcalinos terrosos
e alcalinos, respectivamente."
120,"A investigação de alterações morfológicas que
ocorrem em macrófitas aquáticas presentes em lagoas
indicou uma redução na cutícula desses vegetais
associada à permanência em água doce.

Qual é a função adaptativa dessa característica
morfológica?","A: Ampliar a captação de luz solar.; B: Possibilitar a flutuação do vegetal.; C: Melhorar a captação de nutrientes.; D: 
Facilitar as trocas de gases respiratórios.; E: Aumentar a captação de seiva bruta pelo vegetal."
121,"O cruzamento de duas espécies da família das
Anonáceas, a cherimoia (Annona cherimola) com a
fruta-pinha (Annona squamosa), resultou em uma planta
híbrida denominada de atemoia. Recomenda-se que o
seu plantio seja por meio de enxertia.

Um dos benefícios dessa forma de plantio é a",A: ampliação da variabilidade genética.; B: produção de frutos das duas espécies.; C: manutenção do genótipo da planta híbrida.; D: reprodução de clones das plantas parentais.; E: modificação do genoma decorrente da transgenia.
122,"O processo de obtenção de energia elétrica está
passando por grandes discussões em países como
Estados Unidos, Alemanha e Japão após o acidente
ocorrido na usina de Fukushima em 2011, pois eles
possuem sua matriz energética fortemente baseada na
utilização de energia nuclear. Esta fonte energética, não
renovável, é obtida pela energia liberada de núcleos
atômicos de elementos químicos radiativos, como o
urânio, que se partem durante um processo de reação
em cadeia controlada que ocorre no interior de um reator
nuclear. A energia liberada é absorvida pela água, que
vaporizada movimenta um gerador elétrico.

Para o processo de obtenção de energia apresentado, o
processo físico, no interior do reator, é conhecido como",A: fusão.; B: fissão.; C: transmutação.; D: ionização.; E: aniquilação.
123,"A utilização de extratos de origem natural tem
recebido a atenção de pesquisadores em todo o mundo,
principalmente nos países em desenvolvimento que
são altamente acometidos por doenças infecciosas e
parasitárias. Um bom exemplo dessa utilização são os
produtos de origem botânica que combatem insetos.

O uso desses produtos pode auxiliar no controle da",A: esquistossomose.; B: leptospirose.; C: leisnmaniose.; D: hanseníase.; E: aids.; 
124,"Nos manuais de instalação de equipamentos de som há o alerta aos usuários para que observem a correta
polaridade dos fios ao realizarem as conexões das caixas de som. As figuras ilustram o esquema de conexão das
caixas de som de um equipamento de som mono, no qual os alto-falantes emitem as mesmas ondas. No primeiro
caso, a ligação obedece às especificações do fabricante e no segundo mostra uma ligação na qual a polaridade está
invertida.

Descrição das figuras:

As figuras apresentam dois esquemas de ligação de um equipamento de som com duas conexões, sendo uma
para o alto-falante esquerdo (E) e a outra para o alto-falante direito (D). Cada conexão possui um polo positivo e
outro negativo.

O primeiro esquema, denominado polaridade correta, apresenta fios ligando os polos positivo com positivo e
negativo com negativo das conexões do equipamento com cada alto-falante.

No segundo esquema, denominado polaridade invertida, o alto-falante da esquerda está ligado conforme
a primeira imagem, enquanto o alto-falante da direita apresenta o polo positivo ligado ao polo negativo do
equipamento, bem como o polo negativo ligado ao polo positivo do equipamento.

O que ocorre com os alto-falantes E e D se forem conectados de acordo com o segundo esquema?","A: alto-falante E funciona normalmente e o D entra em curto-circuito e não emite som.; B: alto-falante E emite ondas sonoras com frequências ligeiramente diferentes do alto-falante D provocando o
fenômeno de batimento.; C: alto-falante E emite ondas sonoras com frequências e fases diferentes do alto-falante D provocando o fenômeno
conhecido como ruído.; D: alto-falante E emite ondas sonoras que apresentam um lapso de tempo em relação às emitidas pelo alto-falante D
provocando o fenômeno de reverberação.; E: alto-falante E emite ondas sonoras em oposição de fase às emitidas pelo alto-falante D provocando o fenômeno
de interferência destrutiva nos pontos equidistantes aos alto-falantes."
125,"As pilhas de Bagdá

Em 1938 o arqueólogo alemão Wilhelm Kônig, diretor do Museu Nacional do Iraque, encontrou um objeto estranho
na coleção da instituição, que poderia ter sido usado como uma pilha, similar às utilizadas em nossos dias. A suposta
pilha, datada de cerca de 200 anos antes de Cristo, é constituída de um pequeno vaso de barro (argila) no qual foram
instalados um tubo de cobre, uma barra de ferro (aparentemente corroída por ácido) e uma tampa de betume (asfalto),
conforme ilustrado. Considere que os potenciais-padrão de redução do ferro (Fe de carga 2+ para Fe), do hidrogênio
(H de carga positiva para H.) e do cobre (Cu de carga 2+ para Cu) são, respectivamente, iguais a —0,44 volt, 0,00 volt
e +0,34 volt.

Descrição da imagem:

Um vaso de barro bojudo, de gargalo estreito na parte superior. Nesse gargalo está inserido um tubo de cobre.
Dentro do tubo há uma barra de ferro que não está em contato com o cobre. Ambos estão fixados com uma tampa
de betume. Tanto o tubo quanto a barra se alongam até um pouco abaixo da metade do vaso. Entre as paredes do
vaso e o tubo de cobre há a indicação de vestígios de ácido.

Nessa suposta pilha, qual dos componentes atuaria como cátodo?",A: tampa de betume.; B: vestígio de ácido.; C: barra de ferro.; D: tubo de cobre.; E: vaso de barro.
126,"Anabolismo e catabolismo são processos celulares
antagônicos, que são controlados principalmente pela
ação hormonal. Por exemplo, no fígado a insulina atua
como um hormônio com ação anabólica, enquanto o
glucagon tem ação catabólica e ambos são secretados
em resposta ao nível de glicose sanguínea.

Em caso de um indivíduo com hipoglicemia, o hormônio
citado que atua no catabolismo induzirá o organismo a",A: realizar a fermentação lática.; B: metabolizar aerobicamente a glicose.; C: produzir aminoácidos a partir de ácidos graxos.; D: transformar ácidos graxos em glicogênio.; E: estimular a utilização do glicogênio.
127,"Os instrumentos musicais de corda, como a viola,
o violão e o berimbau, funcionam emitindo ondas sonoras
produzidas pelas vibrações de suas cordas. Um dos recursos
para obter diferentes sons com tais instrumentos é alterar
o comprimento das cordas vibrantes, prendendo-as com
os dedos no braço do instrumento, como um músico que,
ao tocar um violão, modifica a posição de seu dedo para
diminuir o comprimento de uma dessas cordas vibrantes.

Nessa situação, o som que o músico obterá para essa
corda será mais","A: grave, pois aumenta a tensão na corda.; B: grave, pois diminui o comprimento de onda na corda.; C: agudo, pois diminui a amplitude de vibração na corda.; D: agudo, pois diminui o período de vibração da ondana corda.; E: agudo, pois aumenta a velocidade de propagação da onda na corda."
128,"Quando uma corrente elétrica passa pelo nosso
corpo, a ação sobre os nervos e os músculos produz
uma reação do nosso corpo a que chamamos choque.
A intensidade do choque depende da intensidade da
corrente. Quanto maior a intensidade da corrente, mais
forte será o choque. Quando uma pessoa está com o
corpo molhado, a intensidade da corrente que atravessa
o seu corpo aumenta e o choque é mais intenso.

O corpo molhado provoca o efeito descrito no texto porque",A: reduz a resistividade.; B: reduz a área de contato.; C: reduz o percurso da corrente elétrica.; D: aumenta a diferença de potencial elétrico.; E: aumenta a energia das partículas elétricas.
129,"De embalagens a foguetes, o alumínio tem ampla
utilidade na vida do ser humano. A principal fonte desse
metal é a bauxita, mineral que contém vários óxidos de
alumínio, sendo a alumina o principal deles. Após
extração e refinamento térmico da bauxita, a alumina
obtida é convertida eletroliticamente em alumínio metálico.

Essa conversão envolve uma transformação de energia",A: térmica em elétrica.; B: elétrica em química.; C: elétrica em mecânica.; D: térmica em mecânica.; E: mecânica em química.
130,"A suinocultura é uma atividade importante para a
economia brasileira, pois gera emprego e renda em
2 milhões de propriedades rurais. Porém, a preocupação
com a poluição do ambiente é uma das maiores ameaças
à sua sobrevivência e expansão, pois um suíno adulto
produz em média 0,27 metro cúbico por mês de dejetos que
constituem risco à saúde da população. Contudo, esses
dejetos podem ser utilizados como substratos no processo
de biodigestão.

A utilização de biodigestores, na atividade mencionada,
proporciona o(a)",A: redução do consumo de ração.; B: aumento da produção de suínos.; C: aumento da emissão de amônia em uma região.; D: diversificação das técnicas de manejo de suínos.; E: diversificação da matriz energética de uma região.
131,"Em desenhos animados é comum vermos a
personagem tentando impulsionar um barco soprando ar
contra a vela para compensar a falta de vento. Algumas
vezes usam o próprio fôlego, foles ou ventiladores.
Estudantes de um laboratório didático resolveram
investigar essa possibilidade. Para isso, usaram dois
pequenos carros de plástico, A e B, instalaram sobre
estes pequenas ventoinhas e fixaram verticalmente uma
cartolina de curvatura parabólica para desempenhar
uma função análoga à vela de um barco. No carro B
inverteu-se o sentido da ventoinha e manteve-se a vela,
a fim de manter as características físicas do barco,
massa e formato da cartolina. A montagem do carro A
busca simular a situação dos desenhos animados, pois
a ventoinha está direcionada para a vela. A cartolina foi
instalada à direita e a ventoinha foi instalada à esquerda,
em ambos os carros.

Os estudantes ligaram as ventoinhas, aguardaram o
fluxo de ar ficar permanente e determinaram os módulos
das velocidades médias dos carros A (V,) e B (V,) para o
mesmo intervalo de tempo.

A respeito das intensidades das velocidades médias
e do sentido de movimento do carro A, os estudantes
observaram que:",A: Velocidade do carro A é igual a zero; Velocidade do carro B é maior que zero; o carro A não se move.; B: Zero é menor que a velocidade do carro A e a velocidade do carro A é menor que a velocidade do carro B; o carro A se move para a direita.; C: Zero é menor que a velocidade do carro A e a velocidade do carro A é menor que a velocidade do carro B; o carro A se move para a esquerda.; D: Zero é menor que a velocidade do carro B e a velocidade do carro B é menor que a velocidade do carro A; o carro À se move para a direita.; E: Zero é menor que a velocidade do carro Be a velocidade do carro B é menor que a velocidade do carro À; o carro A se move para a esquerda.
132,"Elementos da natureza e propriedades dos solos

O manejo adequado do solo possibilita a manutenção
de sua fertilidade à medida que as trocas de nutrientes
entre matéria orgânica, água, solo e o ar são mantidas
para garantir a produção. Algumas espécies iônicas de
alumínio são tóxicas, não só para a planta, mas para
muitos organismos como as bactérias responsáveis
pelas transformações no ciclo do nitrogênio. O alumínio
danifica as membranas das células das raízes e restringe
a expansão de suas paredes, com isso, a planta não
cresce adequadamente. Para promover benefícios para a
produção agrícola, é recomendada a remediação do solo
utilizando calcário (CaCO,).

Essa remediação promove no solo o(a)","A: diminuição do pH, deixando-o fértil.; B: solubilização do alumínio, ocorrendo sua lixiviação pela chuva.; C: interação do íon cálcio com o íon alumínio, produzindo uma liga metálica.; D: reação do carbonato de cálcio com os íons alumínio, formando alumínio metálico.; E: aumento da sua alcalinidade, tornando os íons alumínio menos disponíveis."
133,"Visando a melhoria estética de um veículo, o
vendedor de uma loja sugere ao consumidor que ele
troque as rodas de seu automóvel de aro 15 polegadas
para aro 17 polegadas, o que corresponde a um diâmetro
maior do conjunto roda e pneu.

Duas consequências provocadas por essa troca de
aro são:","A: Elevar a posição do centro de massa do veículo
tornando-o mais instável e aumentar a velocidade do
automóvel em relação à indicada no velocímetro.; B: Abaixar a posição do centro de massa do veículo
tornando-o mais instável e diminuir a velocidade do
automóvel em relação à indicada no velocímetro.; C: Elevar a posição do centro de massa do veículo
tornando-o mais estável e aumentar a velocidade do
automóvel em relação à indicada no velocímetro.; D: Abaixar a posição do centro de massa do veículo
tornando-o mais estável e diminuir a velocidade do
automóvel em relação à indicada no velocímetro.; E: Elevar a posição do centro de massa do veículo
tornando-o mais estável e diminuir a velocidade do
automóvel em relação à indicada no velocímetro."
134,"As células e os organismos precisam realizar trabalho para permanecerem vivos e se reproduzirem. A energia
metabólica necessária para a realização desse trabalho é oriunda da oxidação de combustíveis, gerados no ciclo do
carbono, por meio de processos capazes de interconverter diferentes formas da energia.

Descrição do fluxograma:
Fluxograma cíclico composto por quatro caixas de textos interligadas por setas que apontam no sentido horário.

Do “Processo 1” parte uma seta para “Combustíveis reduzidos e O,”, de onde parte outra seta para “Processo 2”, de
onde parte outra seta para “CO, e H,O”, fechando o ciclo com uma seta que retorna ao “Processo 1”.

Nesse ciclo, a formação de combustíveis está vinculada à conversão de energia",A: térmica em cinética.; B: química em térmica.; C: eletroquímica em calor.; D: cinética em eletromagnética.; E: eletromagnética em química.
135,"O petróleo é uma fonte de energia de baixo custo e de larga utilização como matéria-prima para uma
grande variedade de produtos. É um óleo formado de várias substâncias de origem orgânica, em sua maioria
hidrocarbonetos de diferentes massas molares. São utilizadas técnicas de separação para obtenção dos
componentes comercializáveis do petróleo. Além disso, para aumentar a quantidade de frações comercializáveis,
otimizando o produto de origem fóssil, utiliza-se o processo de craqueamento.

O que ocorre nesse processo?",A: Transformação das frações do petróleo em outras moléculas menores.; B: Reação de óxido-redução com transferência de elétrons entre as moléculas.; C: Solubilização das frações do petróleo com a utilização de diferentes solventes.; D: Decantação das moléculas com diferentes massas molares pelo uso de centrífugas.; E: Separação dos diferentes componentes do petróleo em função de suas temperaturas de ebulição.
